"category","problem","best_fit","Opt"
"crafted","MANN_a27.clq.cnf",404,
"crafted","MANN_a45.clq.cnf",418,
"crafted","MANN_a81.clq.cnf",399,"399"
"crafted","MANN_a9.clq.cnf",423,
"crafted","brock200_1.clq.cnf",240.16666666666666,"238"
"crafted","brock200_2.clq.cnf",143.8,"141"
"crafted","brock200_3.clq.cnf",217.73333333333332,"214"
"crafted","brock200_4.clq.cnf",211.6,"209"
"crafted","brock400_1.clq.cnf",259.1333333333333,"255"
"crafted","brock400_2.clq.cnf",255.46666666666667,"252"
"crafted","brock400_3.clq.cnf",240.86666666666667,"238"
"crafted","brock400_4.clq.cnf",252.46666666666667,"249"
"crafted","brock800_1.clq.cnf",207.64285714285714,"205"
"crafted","brock800_2.clq.cnf",209.21428571428572,"207"
"crafted","brock800_3.clq.cnf",207.07142857142858,"203"
"crafted","brock800_4.clq.cnf",203.28571428571428,"200"
"crafted","c-fat200-1.clq.cnf",4.666666666666667,"4"
"crafted","c-fat200-2.clq.cnf",28.666666666666668,"26"
"crafted","c-fat200-5.clq.cnf",117.4,"116"
"crafted","c-fat500-1.clq.cnf",2,"2"
"crafted","c-fat500-10.clq.cnf",200,"200"
"crafted","c-fat500-2.clq.cnf",24,"24"
"crafted","c-fat500-5.clq.cnf",90,"90"
"crafted","hamming10-2.clq.cnf",400,
"crafted","hamming10-4.clq.cnf",322.2857142857143,"319"
"crafted","hamming6-2.clq.cnf",854.0714285714286,
"crafted","hamming6-4.clq.cnf",195.42857142857142,"192"
"crafted","hamming8-2.clq.cnf",441,
"crafted","hamming8-4.clq.cnf",179,"176"
"crafted","johnson16-2-4.clq.cnf",217.85714285714286,"215"
"crafted","johnson32-2-4.clq.cnf",331.7857142857143,"329"
"crafted","johnson8-2-4.clq.cnf",75,"75"
"crafted","johnson8-4-4.clq.cnf",815.2857142857143,
"crafted","keller4.clq.cnf",199,"199"
"crafted","keller5.clq.cnf",251.64285714285714,"250"
"crafted","maxcut-140-630-0.7-1.cnf",185.21428571428572,"160"
"crafted","maxcut-140-630-0.7-10.cnf",184.46666666666667,"167"
"crafted","maxcut-140-630-0.7-11.cnf",190.6,"170"
"crafted","maxcut-140-630-0.7-12.cnf",189.06666666666666,"167"
"crafted","maxcut-140-630-0.7-13.cnf",188.4,"169"
"crafted","maxcut-140-630-0.7-14.cnf",187,"166"
"crafted","maxcut-140-630-0.7-15.cnf",191.13333333333333,"169"
"crafted","maxcut-140-630-0.7-16.cnf",185.06666666666666,"167"
"crafted","maxcut-140-630-0.7-17.cnf",188.73333333333332,"166"
"crafted","maxcut-140-630-0.7-18.cnf",186.26666666666668,"166"
"crafted","maxcut-140-630-0.7-19.cnf",189.13333333333333,"167"
"crafted","maxcut-140-630-0.7-2.cnf",178,"160"
"crafted","maxcut-140-630-0.7-20.cnf",187.85714285714286,"168"
"crafted","maxcut-140-630-0.7-21.cnf",186.53333333333333,"165"
"crafted","maxcut-140-630-0.7-22.cnf",185.4,"164"
"crafted","maxcut-140-630-0.7-23.cnf",186.4,"165"
"crafted","maxcut-140-630-0.7-24.cnf",188.66666666666666,"166"
"crafted","maxcut-140-630-0.7-25.cnf",184.26666666666668,"167"
"crafted","maxcut-140-630-0.7-26.cnf",189.07142857142858,"166"
"crafted","maxcut-140-630-0.7-27.cnf",181.4,"165"
"crafted","maxcut-140-630-0.7-28.cnf",184.86666666666667,"167"
"crafted","maxcut-140-630-0.7-29.cnf",188.6,"166"
"crafted","maxcut-140-630-0.7-3.cnf",187.33333333333334,"168"
"crafted","maxcut-140-630-0.7-30.cnf",189.46666666666667,"167"
"crafted","maxcut-140-630-0.7-31.cnf",187.8,"170"
"crafted","maxcut-140-630-0.7-32.cnf",184.46666666666667,"164"
"crafted","maxcut-140-630-0.7-33.cnf",185.6,"165"
"crafted","maxcut-140-630-0.7-34.cnf",189,"168"
"crafted","maxcut-140-630-0.7-35.cnf",188.06666666666666,"164"
"crafted","maxcut-140-630-0.7-36.cnf",190.66666666666666,"167"
"crafted","maxcut-140-630-0.7-37.cnf",186.4,"170"
"crafted","maxcut-140-630-0.7-38.cnf",186.2,"167"
"crafted","maxcut-140-630-0.7-39.cnf",185.14285714285714,"163"
"crafted","maxcut-140-630-0.7-4.cnf",186.4,"167"
"crafted","maxcut-140-630-0.7-40.cnf",187.28571428571428,"167"
"crafted","maxcut-140-630-0.7-41.cnf",183,"161"
"crafted","maxcut-140-630-0.7-42.cnf",186.57142857142858,"161"
"crafted","maxcut-140-630-0.7-43.cnf",183.13333333333333,"164"
"crafted","maxcut-140-630-0.7-44.cnf",183.8,"163"
"crafted","maxcut-140-630-0.7-45.cnf",188.73333333333332,"168"
"crafted","maxcut-140-630-0.7-46.cnf",187.33333333333334,"168"
"crafted","maxcut-140-630-0.7-47.cnf",182.73333333333332,"160"
"crafted","maxcut-140-630-0.7-48.cnf",189,"168"
"crafted","maxcut-140-630-0.7-49.cnf",184.2,"164"
"crafted","maxcut-140-630-0.7-5.cnf",187.33333333333334,"164"
"crafted","maxcut-140-630-0.7-50.cnf",188.13333333333333,"167"
"crafted","maxcut-140-630-0.7-6.cnf",184.93333333333334,"162"
"crafted","maxcut-140-630-0.7-7.cnf",182.8,"164"
"crafted","maxcut-140-630-0.7-8.cnf",187.73333333333332,"165"
"crafted","maxcut-140-630-0.7-9.cnf",188.73333333333332,"166"
"crafted","maxcut-140-630-0.8-1.cnf",188.06666666666666,"165"
"crafted","maxcut-140-630-0.8-10.cnf",186.66666666666666,"168"
"crafted","maxcut-140-630-0.8-11.cnf",187.86666666666667,"168"
"crafted","maxcut-140-630-0.8-12.cnf",187.8,"165"
"crafted","maxcut-140-630-0.8-13.cnf",185.93333333333334,"167"
"crafted","maxcut-140-630-0.8-14.cnf",182.73333333333332,"164"
"crafted","maxcut-140-630-0.8-15.cnf",186,"166"
"crafted","maxcut-140-630-0.8-16.cnf",180.8,"163"
"crafted","maxcut-140-630-0.8-17.cnf",188.2,"168"
"crafted","maxcut-140-630-0.8-18.cnf",185.73333333333332,"163"
"crafted","maxcut-140-630-0.8-19.cnf",186.4,"164"
"crafted","maxcut-140-630-0.8-2.cnf",185.42857142857142,"162"
"crafted","maxcut-140-630-0.8-20.cnf",186.86666666666667,"165"
"crafted","maxcut-140-630-0.8-21.cnf",189.13333333333333,"167"
"crafted","maxcut-140-630-0.8-22.cnf",189.13333333333333,"170"
"crafted","maxcut-140-630-0.8-23.cnf",186.66666666666666,"167"
"crafted","maxcut-140-630-0.8-24.cnf",188.13333333333333,"165"
"crafted","maxcut-140-630-0.8-25.cnf",186.6,"165"
"crafted","maxcut-140-630-0.8-26.cnf",189.8,"167"
"crafted","maxcut-140-630-0.8-27.cnf",189.4,"168"
"crafted","maxcut-140-630-0.8-28.cnf",188.85714285714286,"168"
"crafted","maxcut-140-630-0.8-29.cnf",186.53333333333333,"167"
"crafted","maxcut-140-630-0.8-3.cnf",188.4,"165"
"crafted","maxcut-140-630-0.8-30.cnf",187.13333333333333,"167"
"crafted","maxcut-140-630-0.8-31.cnf",188.33333333333334,"165"
"crafted","maxcut-140-630-0.8-32.cnf",187.4,"164"
"crafted","maxcut-140-630-0.8-33.cnf",188.33333333333334,"163"
"crafted","maxcut-140-630-0.8-34.cnf",185.46666666666667,"163"
"crafted","maxcut-140-630-0.8-35.cnf",186.06666666666666,"165"
"crafted","maxcut-140-630-0.8-36.cnf",186.86666666666667,"165"
"crafted","maxcut-140-630-0.8-37.cnf",186.46666666666667,"167"
"crafted","maxcut-140-630-0.8-38.cnf",184.85714285714286,"160"
"crafted","maxcut-140-630-0.8-39.cnf",188.8,"169"
"crafted","maxcut-140-630-0.8-4.cnf",187.71428571428572,"165"
"crafted","maxcut-140-630-0.8-40.cnf",182.21428571428572,"161"
"crafted","maxcut-140-630-0.8-41.cnf",185.33333333333334,"163"
"crafted","maxcut-140-630-0.8-42.cnf",181,"164"
"crafted","maxcut-140-630-0.8-43.cnf",187.4,"165"
"crafted","maxcut-140-630-0.8-44.cnf",185.42857142857142,"160"
"crafted","maxcut-140-630-0.8-45.cnf",187.85714285714286,"165"
"crafted","maxcut-140-630-0.8-46.cnf",184.26666666666668,"162"
"crafted","maxcut-140-630-0.8-47.cnf",183.6,"164"
"crafted","maxcut-140-630-0.8-48.cnf",182.33333333333334,"164"
"crafted","maxcut-140-630-0.8-49.cnf",186.92857142857142,"166"
"crafted","maxcut-140-630-0.8-5.cnf",186.64285714285714,"164"
"crafted","maxcut-140-630-0.8-50.cnf",186.92857142857142,"165"
"crafted","maxcut-140-630-0.8-6.cnf",187.8,"169"
"crafted","maxcut-140-630-0.8-7.cnf",185.42857142857142,"166"
"crafted","maxcut-140-630-0.8-8.cnf",189.06666666666666,"167"
"crafted","maxcut-140-630-0.8-9.cnf",184.2,"165"
"crafted","p_hat1000-1.clq.cnf",53.5,"52"
"crafted","p_hat1000-2.clq.cnf",145.5,"142"
"crafted","p_hat1000-3.clq.cnf",242.28571428571428,"238"
"crafted","p_hat300-1.clq.cnf",50.714285714285715,"49"
"crafted","p_hat300-2.clq.cnf",136.92857142857142,"135"
"crafted","p_hat300-3.clq.cnf",272.2857142857143,"269"
"crafted","p_hat500-1.clq.cnf",76.35714285714286,"75"
"crafted","p_hat500-2.clq.cnf",177.57142857142858,"176"
"crafted","p_hat500-3.clq.cnf",286.7142857142857,"284"
"crafted","p_hat700-1.clq.cnf",64.14285714285714,"63"
"crafted","p_hat700-2.clq.cnf",156.07142857142858,"154"
"crafted","p_hat700-3.clq.cnf",270,"267"
"crafted","san1000.clq.cnf",141,"139"
"crafted","san200_0.7_1.clq.cnf",238.85714285714286,"237"
"crafted","san200_0.7_2.clq.cnf",238,"236"
"crafted","san200_0.9_1.clq.cnf",314.35714285714283,"313"
"crafted","san200_0.9_2.clq.cnf",318.42857142857144,"316"
"crafted","san200_0.9_3.clq.cnf",322.7142857142857,"320"
"crafted","san400_0.5_1.clq.cnf",147.07142857142858,"146"
"crafted","san400_0.7_1.clq.cnf",238.35714285714286,"236"
"crafted","san400_0.7_2.clq.cnf",239.5,"236"
"crafted","san400_0.7_3.clq.cnf",232,"230"
"crafted","san400_0.9_1.clq.cnf",306.14285714285717,"304"
"crafted","sanr200_0.7.clq.cnf",229.35714285714286,"227"
"crafted","sanr200_0.9.clq.cnf",302.2857142857143,"300"
"crafted","sanr400_0.5.clq.cnf",149.5,"148"
"crafted","sanr400_0.7.clq.cnf",227.57142857142858,"223"
"crafted","scpclr10_maxsat.cnf",34.13333333333333,"25"
"crafted","scpclr11_maxsat.cnf",61.266666666666666,
"crafted","scpclr12_maxsat.cnf",169.2,
"crafted","scpclr13_maxsat.cnf",288.26666666666665,
"crafted","scpcyc06_maxsat.cnf",68.35714285714286,
"crafted","scpcyc07_maxsat.cnf",188.86666666666667,
"crafted","scpcyc08_maxsat.cnf",514.2666666666667,
"crafted","scpcyc09_maxsat.cnf",1314.0666666666666,
"crafted","scpcyc10_maxsat.cnf",3148.6,
"crafted","scpcyc11_maxsat.cnf",7226.333333333333,
"crafted","t3pm3-5555.spn.cnf",17,"17"
"crafted","t4pm3-6666.spn.cnf",45.285714285714285,"38"
"crafted","t5pm3-7777.spn.cnf",90.85714285714286,"78"
"crafted","t6pm3-8888.spn.cnf",173.33333333333334,"136"
"crafted","t7pm3-9999.spn.cnf",295.53333333333336,
"random","HG-3SAT-V250-C1000-1.cnf",31.6,
"random","HG-3SAT-V250-C1000-10.cnf",33.13333333333333,
"random","HG-3SAT-V250-C1000-100.cnf",32.733333333333334,
"random","HG-3SAT-V250-C1000-11.cnf",32.8,
"random","HG-3SAT-V250-C1000-12.cnf",32,
"random","HG-3SAT-V250-C1000-13.cnf",31.133333333333333,
"random","HG-3SAT-V250-C1000-14.cnf",32.333333333333336,
"random","HG-3SAT-V250-C1000-15.cnf",34.266666666666666,
"random","HG-3SAT-V250-C1000-16.cnf",31.866666666666667,
"random","HG-3SAT-V250-C1000-17.cnf",32.4,
"random","HG-3SAT-V250-C1000-18.cnf",30.8,
"random","HG-3SAT-V250-C1000-19.cnf",32.8,
"random","HG-3SAT-V250-C1000-2.cnf",30.866666666666667,
"random","HG-3SAT-V250-C1000-20.cnf",33.333333333333336,
"random","HG-3SAT-V250-C1000-21.cnf",30.933333333333334,
"random","HG-3SAT-V250-C1000-22.cnf",32.4,
"random","HG-3SAT-V250-C1000-23.cnf",31.6,
"random","HG-3SAT-V250-C1000-24.cnf",32.333333333333336,
"random","HG-3SAT-V250-C1000-3.cnf",32.6,
"random","HG-3SAT-V250-C1000-4.cnf",33.2,
"random","HG-3SAT-V250-C1000-5.cnf",32.86666666666667,
"random","HG-3SAT-V250-C1000-6.cnf",32,
"random","HG-3SAT-V250-C1000-7.cnf",31.733333333333334,
"random","HG-3SAT-V250-C1000-8.cnf",34.07142857142857,
"random","HG-3SAT-V250-C1000-9.cnf",32.13333333333333,
"random","HG-3SAT-V300-C1200-1.cnf",42.4,
"random","HG-3SAT-V300-C1200-10.cnf",40.8,
"random","HG-3SAT-V300-C1200-100.cnf",43.2,
"random","HG-3SAT-V300-C1200-11.cnf",43.6,
"random","HG-3SAT-V300-C1200-12.cnf",44.6,
"random","HG-3SAT-V300-C1200-13.cnf",42.53333333333333,
"random","HG-3SAT-V300-C1200-14.cnf",42,
"random","HG-3SAT-V300-C1200-15.cnf",43.86666666666667,
"random","HG-3SAT-V300-C1200-16.cnf",42.8,
"random","HG-3SAT-V300-C1200-17.cnf",43.46666666666667,
"random","HG-3SAT-V300-C1200-18.cnf",43.86666666666667,
"random","HG-3SAT-V300-C1200-19.cnf",43.93333333333333,
"random","HG-3SAT-V300-C1200-2.cnf",44.4,
"random","HG-3SAT-V300-C1200-20.cnf",41.333333333333336,
"random","HG-3SAT-V300-C1200-21.cnf",44.6,
"random","HG-3SAT-V300-C1200-22.cnf",42.733333333333334,
"random","HG-3SAT-V300-C1200-23.cnf",44.13333333333333,
"random","HG-3SAT-V300-C1200-24.cnf",42.266666666666666,
"random","HG-3SAT-V300-C1200-3.cnf",43.733333333333334,
"random","HG-3SAT-V300-C1200-4.cnf",43.13333333333333,
"random","HG-3SAT-V300-C1200-5.cnf",42.333333333333336,
"random","HG-3SAT-V300-C1200-6.cnf",42,
"random","HG-3SAT-V300-C1200-7.cnf",42.53333333333333,
"random","HG-3SAT-V300-C1200-8.cnf",44.4,
"random","HG-3SAT-V300-C1200-9.cnf",43,
"random","HG-4SAT-V100-C900-14.cnf",9.714285714285714,"2"
"random","HG-4SAT-V100-C900-19.cnf",8.428571428571429,"2"
"random","HG-4SAT-V100-C900-2.cnf",10.466666666666667,"2"
"random","HG-4SAT-V100-C900-20.cnf",9.714285714285714,"2"
"random","HG-4SAT-V100-C900-23.cnf",9.857142857142858,"2"
"random","HG-4SAT-V100-C900-4.cnf",10,"2"
"random","HG-4SAT-V100-C900-7.cnf",10.214285714285714,"2"
"random","HG-4SAT-V150-C1350-1.cnf",17.6,
"random","HG-4SAT-V150-C1350-10.cnf",19.133333333333333,
"random","HG-4SAT-V150-C1350-100.cnf",18.466666666666665,
"random","HG-4SAT-V150-C1350-11.cnf",18.4,
"random","HG-4SAT-V150-C1350-12.cnf",19.333333333333332,
"random","HG-4SAT-V150-C1350-13.cnf",17,
"random","HG-4SAT-V150-C1350-14.cnf",18.266666666666666,
"random","HG-4SAT-V150-C1350-15.cnf",16.8,
"random","HG-4SAT-V150-C1350-16.cnf",17.333333333333332,
"random","HG-4SAT-V150-C1350-17.cnf",16.333333333333332,
"random","HG-4SAT-V150-C1350-18.cnf",17.733333333333334,
"random","HG-4SAT-V150-C1350-19.cnf",16.933333333333334,
"random","HG-4SAT-V150-C1350-2.cnf",20.6,
"random","HG-4SAT-V150-C1350-20.cnf",18.6,
"random","HG-4SAT-V150-C1350-21.cnf",17.933333333333334,
"random","HG-4SAT-V150-C1350-22.cnf",17.466666666666665,
"random","HG-4SAT-V150-C1350-23.cnf",18.533333333333335,"0"
"random","HG-4SAT-V150-C1350-24.cnf",19.066666666666666,
"random","HG-4SAT-V150-C1350-3.cnf",17.333333333333332,
"random","HG-4SAT-V150-C1350-4.cnf",17.8,
"random","HG-4SAT-V150-C1350-5.cnf",18.266666666666666,
"random","HG-4SAT-V150-C1350-6.cnf",18.2,
"random","HG-4SAT-V150-C1350-7.cnf",17.333333333333332,
"random","HG-4SAT-V150-C1350-8.cnf",18.2,
"random","HG-4SAT-V150-C1350-9.cnf",18.266666666666666,
"random","min1s2v160c640_0.cnf",362.92857142857144,"359"
"random","min1s2v160c640_1.cnf",360.35714285714283,"356"
"random","min1s2v160c640_10.cnf",355.25,"351"
"random","min1s2v160c640_11.cnf",355.2857142857143,"350"
"random","min1s2v160c640_12.cnf",366.7142857142857,"361"
"random","min1s2v160c640_13.cnf",370.7857142857143,"365"
"random","min1s2v160c640_14.cnf",361.2857142857143,"354"
"random","min1s2v160c640_15.cnf",364.92857142857144,"357"
"random","min1s2v160c640_2.cnf",349.92857142857144,"345"
"random","min1s2v160c640_3.cnf",352.7857142857143,"349"
"random","min1s2v160c640_4.cnf",359.7142857142857,"355"
"random","min1s2v160c640_5.cnf",355,"348"
"random","min1s2v160c640_6.cnf",354.2857142857143,"348"
"random","min1s2v160c640_7.cnf",358.64285714285717,"355"
"random","min1s2v160c640_8.cnf",370.57142857142856,"363"
"random","min1s2v160c640_9.cnf",357.85714285714283,"353"
"random","min1s2v160c800_0.cnf",459,"452"
"random","min1s2v160c800_1.cnf",470.2,"463"
"random","min1s2v160c800_10.cnf",462.7142857142857,"457"
"random","min1s2v160c800_11.cnf",469.2857142857143,"462"
"random","min1s2v160c800_12.cnf",472.2857142857143,"462"
"random","min1s2v160c800_13.cnf",476,"467"
"random","min1s2v160c800_14.cnf",471.90909090909093,"464"
"random","min1s2v160c800_15.cnf",467.27272727272725,"459"
"random","min1s2v160c800_2.cnf",464.6,"457"
"random","min1s2v160c800_3.cnf",468.93333333333334,"459"
"random","min1s2v160c800_4.cnf",470.90909090909093,"464"
"random","min1s2v160c800_5.cnf",463.2,"455"
"random","min1s2v160c800_6.cnf",452.26666666666665,"445"
"random","min1s2v160c800_7.cnf",470.72727272727275,"460"
"random","min1s2v160c800_8.cnf",471.26666666666665,"464"
"random","min1s2v160c800_9.cnf",465.54545454545456,"459"
"random","min1s2v160c960_0.cnf",571.9333333333333,"562"
"random","min1s2v160c960_1.cnf",589.2,"578"
"random","min1s2v160c960_10.cnf",572.6666666666666,"564"
"random","min1s2v160c960_11.cnf",577.1333333333333,"567"
"random","min1s2v160c960_12.cnf",577.1333333333333,"568"
"random","min1s2v160c960_13.cnf",579.6,"572"
"random","min1s2v160c960_14.cnf",579.6666666666666,"568"
"random","min1s2v160c960_15.cnf",566.4666666666667,"558"
"random","min1s2v160c960_2.cnf",568.4,"561"
"random","min1s2v160c960_3.cnf",574.2666666666667,"563"
"random","min1s2v160c960_4.cnf",583.2666666666667,"574"
"random","min1s2v160c960_5.cnf",581.2666666666667,"571"
"random","min1s2v160c960_6.cnf",555.6,"549"
"random","min1s2v160c960_7.cnf",576.6,"565"
"random","min1s2v160c960_8.cnf",572.0666666666667,"566"
"random","min1s2v160c960_9.cnf",561.8,"555"
"random","min1s2v200c1000_0.cnf",591.8666666666667,"580"
"random","min1s2v200c1000_1.cnf",581.8,"570"
"random","min1s2v200c1000_10.cnf",587.7333333333333,"574"
"random","min1s2v200c1000_11.cnf",583,"570"
"random","min1s2v200c1000_12.cnf",583.4,"569"
"random","min1s2v200c1000_13.cnf",582.9333333333333,"573"
"random","min1s2v200c1000_14.cnf",586.2,"571"
"random","min1s2v200c1000_15.cnf",587.6666666666666,"573"
"random","min1s2v200c1000_2.cnf",589.2,"575"
"random","min1s2v200c1000_3.cnf",587.4,"574"
"random","min1s2v200c1000_4.cnf",583.8666666666667,"570"
"random","min1s2v200c1000_5.cnf",581.1333333333333,"571"
"random","min1s2v200c1000_6.cnf",585.4666666666667,"570"
"random","min1s2v200c1000_7.cnf",571.3333333333334,"561"
"random","min1s2v200c1000_8.cnf",571.6,"559"
"random","min1s2v200c1000_9.cnf",576.4666666666667,"563"
"random","min1s2v200c1200_0.cnf",723.5333333333333,"708"
"random","min1s2v200c1200_1.cnf",717.6,"699"
"random","min1s2v200c1200_10.cnf",725,"708"
"random","min1s2v200c1200_11.cnf",715.9333333333333,"699"
"random","min1s2v200c1200_12.cnf",720.8,"704"
"random","min1s2v200c1200_13.cnf",724.8,"710"
"random","min1s2v200c1200_14.cnf",725.7333333333333,"707"
"random","min1s2v200c1200_15.cnf",724.0666666666667,"709"
"random","min1s2v200c1200_2.cnf",725.0666666666667,"706"
"random","min1s2v200c1200_3.cnf",720.3333333333334,"703"
"random","min1s2v200c1200_4.cnf",723.8666666666667,"710"
"random","min1s2v200c1200_5.cnf",714.9333333333333,"700"
"random","min1s2v200c1200_6.cnf",725.0666666666667,"709"
"random","min1s2v200c1200_7.cnf",719.6666666666666,"704"
"random","min1s2v200c1200_8.cnf",700.3333333333334,"685"
"random","min1s2v200c1200_9.cnf",709.3333333333334,"696"
"random","min1s2v200c800_0.cnf",456,"446"
"random","min1s2v200c800_1.cnf",456.73333333333335,"444"
"random","min1s2v200c800_10.cnf",449.53333333333336,"438"
"random","min1s2v200c800_11.cnf",448.6666666666667,"437"
"random","min1s2v200c800_12.cnf",444.2,"436"
"random","min1s2v200c800_13.cnf",452.8666666666667,"439"
"random","min1s2v200c800_14.cnf",444.93333333333334,"436"
"random","min1s2v200c800_15.cnf",450,"438"
"random","min1s2v200c800_2.cnf",449.1333333333333,"438"
"random","min1s2v200c800_3.cnf",448.26666666666665,"439"
"random","min1s2v200c800_4.cnf",445.93333333333334,"437"
"random","min1s2v200c800_5.cnf",444.8,"435"
"random","min1s2v200c800_6.cnf",454.1818181818182,"445"
"random","min1s2v200c800_7.cnf",449.73333333333335,"440"
"random","min1s2v200c800_8.cnf",444.26666666666665,"436"
"random","min1s2v200c800_9.cnf",449.3333333333333,"438"
"random","s2v120c1200-1.cnf",167.8181818181818,"161"
"random","s2v120c1200-10.cnf",157.72727272727272,"154"
"random","s2v120c1200-2.cnf",165.36363636363637,"159"
"random","s2v120c1200-3.cnf",170.45454545454547,"160"
"random","s2v120c1200-4.cnf",162.45454545454547,"157"
"random","s2v120c1200-5.cnf",146.8181818181818,"143"
"random","s2v120c1200-6.cnf",173.45454545454547,"167"
"random","s2v120c1200-7.cnf",170.45454545454547,"162"
"random","s2v120c1200-8.cnf",171.9090909090909,"165"
"random","s2v120c1200-9.cnf",151.9090909090909,"148"
"random","s2v120c1300-1.cnf",186.72727272727272,"180"
"random","s2v120c1300-10.cnf",185.26666666666668,"180"
"random","s2v120c1300-2.cnf",177.45454545454547,"172"
"random","s2v120c1300-3.cnf",182.9090909090909,"173"
"random","s2v120c1300-4.cnf",182.54545454545453,"176"
"random","s2v120c1300-5.cnf",172.77777777777777,"168"
"random","s2v120c1300-6.cnf",184.33333333333334,"180"
"random","s2v120c1300-7.cnf",175.33333333333334,"169"
"random","s2v120c1300-8.cnf",181.4,"174"
"random","s2v120c1300-9.cnf",190.66666666666666,"186"
"random","s2v120c1400-1.cnf",206.44444444444446,"197"
"random","s2v120c1400-10.cnf",220.33333333333334,"211"
"random","s2v120c1400-2.cnf",197.6,"191"
"random","s2v120c1400-3.cnf",195,"189"
"random","s2v120c1400-4.cnf",209.6,"200"
"random","s2v120c1400-5.cnf",207.77777777777777,"199"
"random","s2v120c1400-6.cnf",201.06666666666666,"196"
"random","s2v120c1400-7.cnf",215.66666666666666,"206"
"random","s2v120c1400-8.cnf",201.11111111111111,"194"
"random","s2v120c1400-9.cnf",204.66666666666666,"198"
"random","s2v120c1500-1.cnf",218.33333333333334,"211"
"random","s2v120c1500-10.cnf",221.44444444444446,"213"
"random","s2v120c1500-2.cnf",219.86666666666667,"213"
"random","s2v120c1500-3.cnf",214.4,"207"
"random","s2v120c1500-4.cnf",219,"212"
"random","s2v120c1500-5.cnf",244.44444444444446,"233"
"random","s2v120c1500-6.cnf",215,"209"
"random","s2v120c1500-7.cnf",222.06666666666666,"216"
"random","s2v120c1500-8.cnf",219.06666666666666,"212"
"random","s2v120c1500-9.cnf",229.66666666666666,"223"
"random","s2v120c1600-1.cnf",239.46666666666667,"233"
"random","s2v120c1600-10.cnf",239.73333333333332,"233"
"random","s2v120c1600-2.cnf",245.4,"239"
"random","s2v120c1600-3.cnf",239.66666666666666,"233"
"random","s2v120c1600-4.cnf",225.06666666666666,"219"
"random","s2v120c1600-5.cnf",252.33333333333334,"247"
"random","s2v120c1600-6.cnf",240.8,"235"
"random","s2v120c1600-7.cnf",231.66666666666666,"225"
"random","s2v120c1600-8.cnf",246.66666666666666,"237"
"random","s2v120c1600-9.cnf",245.6,"240"
"random","s2v140c1200-1.cnf",153.22222222222223,"144"
"random","s2v140c1200-10.cnf",147.86666666666667,"140"
"random","s2v140c1200-2.cnf",162.77777777777777,"155"
"random","s2v140c1200-3.cnf",165.22222222222223,"155"
"random","s2v140c1200-4.cnf",158.06666666666666,"148"
"random","s2v140c1200-5.cnf",147.88888888888889,"143"
"random","s2v140c1200-6.cnf",157.77777777777777,"148"
"random","s2v140c1200-7.cnf",157.06666666666666,"148"
"random","s2v140c1200-8.cnf",160.22222222222223,"152"
"random","s2v140c1200-9.cnf",156.66666666666666,"151"
"random","s2v140c1300-1.cnf",170.06666666666666,"162"
"random","s2v140c1300-10.cnf",180.6,"170"
"random","s2v140c1300-2.cnf",178.33333333333334,"171"
"random","s2v140c1300-3.cnf",177.26666666666668,"168"
"random","s2v140c1300-4.cnf",171.22222222222223,"164"
"random","s2v140c1300-5.cnf",177.66666666666666,"169"
"random","s2v140c1300-6.cnf",174.6,"168"
"random","s2v140c1300-7.cnf",167.26666666666668,"160"
"random","s2v140c1300-8.cnf",161.88888888888889,"157"
"random","s2v140c1300-9.cnf",171.33333333333334,"162"
"random","s2v140c1400-1.cnf",190.33333333333334,"182"
"random","s2v140c1400-10.cnf",201.33333333333334,"188"
"random","s2v140c1400-2.cnf",191.77777777777777,"178"
"random","s2v140c1400-3.cnf",201.55555555555554,"193"
"random","s2v140c1400-4.cnf",193.13333333333333,"184"
"random","s2v140c1400-5.cnf",195.4,"187"
"random","s2v140c1400-6.cnf",195.33333333333334,"188"
"random","s2v140c1400-7.cnf",196.33333333333334,"187"
"random","s2v140c1400-8.cnf",189.86666666666667,"181"
"random","s2v140c1400-9.cnf",195.88888888888889,"185"
"random","s2v140c1500-1.cnf",212.13333333333333,"205"
"random","s2v140c1500-10.cnf",210.33333333333334,"202"
"random","s2v140c1500-2.cnf",208.4,"199"
"random","s2v140c1500-3.cnf",222,"212"
"random","s2v140c1500-4.cnf",206.26666666666668,"197"
"random","s2v140c1500-5.cnf",214.06666666666666,"205"
"random","s2v140c1500-6.cnf",207.86666666666667,"198"
"random","s2v140c1500-7.cnf",213.53333333333333,"202"
"random","s2v140c1500-8.cnf",210,"199"
"random","s2v140c1500-9.cnf",204.6,"199"
"random","s2v140c1600-1.cnf",228.11111111111111,"221"
"random","s2v140c1600-10.cnf",235.77777777777777,"226"
"random","s2v140c1600-2.cnf",229.88888888888889,"221"
"random","s2v140c1600-3.cnf",236.86666666666667,"226"
"random","s2v140c1600-4.cnf",231.2,"220"
"random","s2v140c1600-5.cnf",237.86666666666667,"228"
"random","s2v140c1600-6.cnf",229.46666666666667,"220"
"random","s2v140c1600-7.cnf",225.93333333333334,"218"
"random","s2v140c1600-8.cnf",238.26666666666668,"227"
"random","s2v140c1600-9.cnf",239.13333333333333,"228"
"random","s3v70c1000-1.cnf",54.22222222222222,"47"
"random","s3v70c1000-10.cnf",52.44444444444444,"45"
"random","s3v70c1000-2.cnf",49.666666666666664,"43"
"random","s3v70c1000-3.cnf",51.333333333333336,"45"
"random","s3v70c1000-4.cnf",53,"47"
"random","s3v70c1000-5.cnf",45.333333333333336,"42"
"random","s3v70c1000-6.cnf",55.111111111111114,"50"
"random","s3v70c1000-7.cnf",55.55555555555556,"49"
"random","s3v70c1000-8.cnf",54.111111111111114,"48"
"random","s3v70c1000-9.cnf",53.77777777777778,"49"
"random","s3v70c1100-1.cnf",61.333333333333336,"56"
"random","s3v70c1100-10.cnf",63.111111111111114,"58"
"random","s3v70c1100-2.cnf",59.44444444444444,"55"
"random","s3v70c1100-3.cnf",58.333333333333336,"53"
"random","s3v70c1100-4.cnf",57.333333333333336,"52"
"random","s3v70c1100-5.cnf",56.333333333333336,"53"
"random","s3v70c1100-6.cnf",57.111111111111114,"53"
"random","s3v70c1100-7.cnf",58.888888888888886,"53"
"random","s3v70c1100-8.cnf",61.333333333333336,"51"
"random","s3v70c1100-9.cnf",54.44444444444444,"48"
"random","s3v70c1200-1.cnf",73.44444444444444,"66"
"random","s3v70c1200-10.cnf",70.88888888888889,"63"
"random","s3v70c1200-2.cnf",69.33333333333333,"63"
"random","s3v70c1200-3.cnf",70.11111111111111,"65"
"random","s3v70c1200-4.cnf",74,"67"
"random","s3v70c1200-5.cnf",69.88888888888889,"65"
"random","s3v70c1200-6.cnf",72.11111111111111,"66"
"random","s3v70c1200-7.cnf",66.11111111111111,"62"
"random","s3v70c1200-8.cnf",69.33333333333333,"63"
"random","s3v70c1200-9.cnf",66.22222222222223,"61"
"random","s3v70c800-1.cnf",35.888888888888886,"31"
"random","s3v70c800-10.cnf",34.22222222222222,"30"
"random","s3v70c800-2.cnf",39.77777777777778,"34"
"random","s3v70c800-3.cnf",34.77777777777778,"30"
"random","s3v70c800-4.cnf",34.55555555555556,"28"
"random","s3v70c800-5.cnf",37,"31"
"random","s3v70c800-6.cnf",32.666666666666664,"30"
"random","s3v70c800-7.cnf",36.5,"31"
"random","s3v70c800-8.cnf",39.875,"34"
"random","s3v70c800-9.cnf",36.625,"32"
"random","s3v70c900-1.cnf",44.75,"39"
"random","s3v70c900-10.cnf",44.75,"39"
"random","s3v70c900-2.cnf",42.25,"38"
"random","s3v70c900-3.cnf",45.125,"39"
"random","s3v70c900-4.cnf",43,"39"
"random","s3v70c900-5.cnf",45.125,"40"
"random","s3v70c900-6.cnf",45.125,"41"
"random","s3v70c900-7.cnf",46.375,"40"
"random","s3v70c900-8.cnf",46.125,"42"
"random","s3v70c900-9.cnf",39,"35"
"random","s3v80c1000-1.cnf",49,"44"
"random","s3v80c1000-10.cnf",46.25,"39"
"random","s3v80c1000-2.cnf",49.875,"43"
"random","s3v80c1000-3.cnf",46.875,"39"
"random","s3v80c1000-4.cnf",51.125,"45"
"random","s3v80c1000-5.cnf",47.75,"41"
"random","s3v80c1000-6.cnf",47.125,"40"
"random","s3v80c1000-7.cnf",45,"40"
"random","s3v80c1000-8.cnf",47.125,"41"
"random","s3v80c1000-9.cnf",43.75,"38"
"random","s3v80c600-1.cnf",18.875,"14"
"random","s3v80c600-10.cnf",20,"15"
"random","s3v80c600-2.cnf",21.25,"16"
"random","s3v80c600-3.cnf",17.125,"11"
"random","s3v80c600-4.cnf",18,"13"
"random","s3v80c600-5.cnf",14.875,"12"
"random","s3v80c600-6.cnf",18.5,"14"
"random","s3v80c600-7.cnf",15.375,"12"
"random","s3v80c600-8.cnf",20,"15"
"random","s3v80c600-9.cnf",15.625,"12"
"random","s3v80c700-1.cnf",24.625,"19"
"random","s3v80c700-10.cnf",23.125,"19"
"random","s3v80c700-2.cnf",25.25,"20"
"random","s3v80c700-3.cnf",23,"18"
"random","s3v80c700-4.cnf",17.875,"15"
"random","s3v80c700-5.cnf",29,"21"
"random","s3v80c700-6.cnf",23.125,"18"
"random","s3v80c700-7.cnf",25.875,"21"
"random","s3v80c700-8.cnf",24.875,"19"
"random","s3v80c700-9.cnf",24.125,"18"
"random","s3v80c800-1.cnf",33.375,"28"
"random","s3v80c800-10.cnf",32.125,"27"
"random","s3v80c800-2.cnf",37.875,"32"
"random","s3v80c800-3.cnf",32.75,"27"
"random","s3v80c800-4.cnf",31.25,"26"
"random","s3v80c800-5.cnf",34,"27"
"random","s3v80c800-6.cnf",32.125,"28"
"random","s3v80c800-7.cnf",32.875,"27"
"random","s3v80c800-8.cnf",32.75,"25"
"random","s3v80c800-9.cnf",32.25,"26"
"random","s3v80c900-1.cnf",40,"35"
"random","s3v80c900-10.cnf",40.5,"35"
"random","s3v80c900-2.cnf",41.5,"37"
"random","s3v80c900-3.cnf",40.25,"34"
"random","s3v80c900-4.cnf",43.25,"35"
"random","s3v80c900-5.cnf",36.75,"32"
"random","s3v80c900-6.cnf",36.5,"31"
"random","s3v80c900-7.cnf",40,"34"
"random","s3v80c900-8.cnf",36.625,"33"
"random","s3v80c900-9.cnf",40.25,"36"
